ubigeo,conteo
010101,32589.0
010102,262.0
010103,1136.0
010104,642.0
010105,585.0
010106,1781.0
010107,480.0
010108,1258.0
010109,3978.0
010110,3620.0
010111,794.0
010112,852.0
010113,1367.0
010114,2176.0
010115,496.0
010116,375.0
010117,769.0
010118,295.0
010119,580.0
010120,1224.0
010121,247.0
010201,27102.0
010202,9765.0
010203,4595.0
010204,1216.0
010205,25162.0
010206,6260.0
010301,1337.0
010302,306.0
010303,287.0
010304,772.0
010305,669.0
010306,5999.0
010307,7580.0
010308,208.0
010309,489.0
010310,1539.0
010311,874.0
010312,5577.0
010401,18626.0
010402,9891.0
010403,13953.0
010501,2227.0
010502,6473.0
010503,1881.0
010504,1853.0
010505,1840.0
010506,498.0
010507,839.0
010508,842.0
010509,3959.0
010510,388.0
010511,744.0
010512,3556.0
010513,3446.0
010514,4768.0
010515,1316.0
010516,546.0
010517,695.0
010518,633.0
010519,419.0
010520,1888.0
010521,3012.0
010522,1265.0
010523,1348.0
010601,6016.0
010602,2498.0
010603,595.0
010604,2620.0
010605,2280.0
010606,1631.0
010607,1506.0
010608,453.0
010609,8793.0
010610,512.0
010611,282.0
010612,2812.0
010701,50841.0
010702,23089.0
010703,7855.0
010704,5825.0
010705,6620.0
010706,10080.0
010707,2927.0
020101,60896.0
020102,1639.0
020103,294.0
020104,1600.0
020105,76088.0
020106,4781.0
020107,1066.0
020108,2351.0
020109,956.0
020110,4606.0
020111,3321.0
020112,6338.0
020201,2017.0
020202,1639.0
020203,364.0
020204,1582.0
020205,714.0
020301,3288.0
020302,1918.0
020303,1368.0
020304,1851.0
020305,4067.0
020306,1158.0
020401,4563.0
020402,2815.0
020501,4023.0
020502,244.0
020503,994.0
020504,2062.0
020505,1677.0
020506,312.0
020507,2313.0
020508,6468.0
020509,1432.0
020510,1253.0
020511,457.0
020512,492.0
020513,917.0
020514,495.0
020515,658.0
020601,15122.0
020602,2472.0
020603,1431.0
020604,2365.0
020605,1469.0
020606,9478.0
020607,1381.0
020608,2350.0
020609,2789.0
020610,3335.0
020611,2992.0
020701,10493.0
020702,3131.0
020703,4093.0
020801,35765.0
020802,4831.0
020803,2088.0
020804,8305.0
020901,1677.0
020902,379.0
020903,445.0
020904,2678.0
020905,1026.0
020906,634.0
020907,693.0
021001,9178.0
021002,1362.0
021003,2573.0
021004,7971.0
021005,1782.0
021006,1427.0
021007,3307.0
021008,2571.0
021009,1361.0
021010,1561.0
021011,2642.0
021012,705.0
021013,1406.0
021014,17033.0
021015,2534.0
021016,1301.0
021101,25117.0
021102,740.0
021103,3097.0
021104,861.0
021105,745.0
021201,24128.0
021202,960.0
021203,1344.0
021204,1614.0
021205,1849.0
021206,7804.0
021207,6371.0
021208,4229.0
021209,1055.0
021210,1980.0
021301,3024.0
021302,3668.0
021303,1326.0
021304,1908.0
021305,1020.0
021306,5629.0
021307,2732.0
021308,977.0
021401,1203.0
021402,656.0
021403,300.0
021404,472.0
021405,1421.0
021406,1219.0
021407,279.0
021408,438.0
021409,622.0
021410,429.0
021501,2445.0
021502,986.0
021503,7391.0
021504,523.0
021505,1001.0
021506,505.0
021507,597.0
021508,2364.0
021509,3980.0
021510,1026.0
021511,2673.0
021601,13834.0
021602,2954.0
021603,5806.0
021604,2200.0
021701,4406.0
021702,3907.0
021703,409.0
021704,620.0
021705,912.0
021706,1608.0
021707,923.0
021708,1517.0
021709,421.0
021710,2462.0
021801,206213.0
021802,4420.0
021803,15979.0
021804,3125.0
021805,8034.0
021806,14324.0
021807,4770.0
021808,19621.0
021809,159321.0
021901,5411.0
021902,1612.0
021903,533.0
021904,2739.0
021905,905.0
021906,3518.0
021907,2306.0
021908,2278.0
021909,6187.0
021910,1482.0
022001,20070.0
022002,1674.0
022003,6336.0
022004,1343.0
022005,11629.0
022006,2657.0
022007,1840.0
022008,5292.0
030101,69028.0
030102,1339.0
030103,1866.0
030104,16223.0
030105,2886.0
030106,3002.0
030107,2774.0
030108,2541.0
030109,10861.0
030201,42268.0
030202,5459.0
030203,1186.0
030204,5210.0
030205,3753.0
030206,750.0
030207,6023.0
030208,3452.0
030209,7989.0
030210,2199.0
030211,863.0
030212,2910.0
030213,20738.0
030214,1613.0
030215,8152.0
030216,18509.0
030217,1864.0
030218,3642.0
030219,1816.0
030220,4081.0
030301,2776.0
030302,552.0
030303,1841.0
030304,1711.0
030305,2268.0
030306,1054.0
030307,1108.0
030401,4928.0
030402,580.0
030403,929.0
030404,1893.0
030405,693.0
030406,2570.0
030407,462.0
030408,735.0
030409,1529.0
030410,1022.0
030411,769.0
030412,1107.0
030413,711.0
030414,1848.0
030415,2272.0
030416,1278.0
030417,981.0
030501,10381.0
030502,3886.0
030503,6586.0
030504,9430.0
030505,5848.0
030506,14525.0
030601,5293.0
030602,10388.0
030603,1728.0
030604,6634.0
030605,6759.0
030606,2344.0
030607,2650.0
030608,4046.0
030609,2689.0
030610,1728.0
030611,988.0
030701,5023.0
030702,1936.0
030703,2782.0
030704,1368.0
030705,858.0
030706,935.0
030707,798.0
030708,2945.0
030709,272.0
030710,560.0
030711,628.0
030712,1233.0
030713,675.0
030714,1229.0
040101,55437.0
040102,85870.0
040103,91935.0
040104,197954.0
040105,12949.0
040106,2939.0
040107,50164.0
040108,32019.0
040109,59918.0
040110,60589.0
040111,4756.0
040112,131346.0
040113,445.0
040114,837.0
040115,4784.0
040116,4368.0
040117,24225.0
040118,611.0
040119,1377.0
040120,682.0
040121,6318.0
040122,75351.0
040123,16191.0
040124,14054.0
040125,3610.0
040126,25417.0
040127,1314.0
040128,33346.0
040129,81829.0
040201,13367.0
040202,4641.0
040203,6997.0
040204,6195.0
040205,7106.0
040206,4171.0
040207,943.0
040208,15950.0
040301,4259.0
040302,4923.0
040303,5215.0
040304,473.0
040305,3171.0
040306,610.0
040307,9240.0
040308,3685.0
040309,3047.0
040310,1532.0
040311,1477.0
040312,1837.0
040313,1877.0
040401,8435.0
040402,1038.0
040403,242.0
040404,1646.0
040405,947.0
040406,702.0
040407,1472.0
040408,488.0
040409,8177.0
040410,2032.0
040411,432.0
040412,207.0
040413,6266.0
040414,1545.0
040501,5770.0
040502,841.0
040503,2096.0
040504,1458.0
040505,3697.0
040506,1089.0
040507,670.0
040508,1010.0
040509,555.0
040510,904.0
040511,718.0
040512,701.0
040513,648.0
040514,886.0
040515,669.0
040516,772.0
040517,1441.0
040518,621.0
040519,2117.0
040520,60108.0
040601,3290.0
040602,677.0
040603,3212.0
040604,675.0
040605,595.0
040606,3263.0
040607,478.0
040608,3928.0
040701,24073.0
040702,8347.0
040703,6854.0
040704,5132.0
040705,1172.0
040706,6456.0
040801,2925.0
040802,1849.0
040803,577.0
040804,1913.0
040805,1122.0
040806,2342.0
040807,265.0
040808,319.0
040809,301.0
040810,658.0
040811,556.0
050101,99427.0
050102,7403.0
050103,4383.0
050104,28252.0
050105,5698.0
050106,5373.0
050107,3114.0
050108,5083.0
050109,1403.0
050110,49034.0
050111,1427.0
050112,5952.0
050113,5047.0
050114,13634.0
050115,18492.0
050116,28472.0
050201,5479.0
050202,8321.0
050203,7463.0
050204,2067.0
050205,4104.0
050206,3009.0
050301,3202.0
050302,1826.0
050303,1313.0
050304,2068.0
050401,39517.0
050402,1196.0
050403,4162.0
050404,2667.0
050405,5490.0
050406,3852.0
050407,10797.0
050408,10058.0
050409,3520.0
050410,3522.0
050411,2523.0
050412,2162.0
050501,10326.0
050502,7969.0
050503,9298.0
050504,1643.0
050505,4218.0
050506,1278.0
050507,11279.0
050508,10173.0
050509,9410.0
050510,4039.0
050511,1020.0
050601,13919.0
050602,2903.0
050603,2189.0
050604,1681.0
050605,2163.0
050606,2554.0
050607,1560.0
050608,1577.0
050609,1094.0
050610,893.0
050611,2726.0
050612,2291.0
050613,1866.0
050614,791.0
050615,1718.0
050616,967.0
050617,2653.0
050618,927.0
050619,4778.0
050620,796.0
050621,1282.0
050701,13124.0
050702,2186.0
050703,1722.0
050704,630.0
050705,6271.0
050706,2062.0
050707,516.0
050708,1148.0
050801,3231.0
050802,468.0
050803,445.0
050804,1953.0
050805,613.0
050806,1453.0
050807,419.0
050808,292.0
050809,221.0
050810,514.0
050901,2570.0
050902,329.0
050903,478.0
050904,496.0
050905,374.0
050906,1240.0
050907,553.0
050908,808.0
050909,978.0
050910,594.0
050911,1025.0
051001,1887.0
051002,1526.0
051003,630.0
051004,460.0
051005,3977.0
051006,1138.0
051007,1011.0
051008,1089.0
051009,1294.0
051010,2092.0
051011,2616.0
051012,2389.0
051101,6370.0
051102,886.0
051103,819.0
051104,1577.0
051105,1340.0
051106,1105.0
051107,1038.0
051108,3726.0
060101,218741.0
060102,7939.0
060103,3660.0
060104,6760.0
060105,19175.0
060106,15020.0
060107,5639.0
060108,46149.0
060109,8271.0
060110,3469.0
060111,9267.0
060112,4343.0
060201,31222.0
060202,23524.0
060203,13406.0
060204,7535.0
060301,26925.0
060302,2600.0
060303,6746.0
060304,10657.0
060305,441.0
060306,2558.0
060307,3870.0
060308,5394.0
060309,7352.0
060310,5055.0
060311,1052.0
060312,6434.0
060401,47279.0
060402,3211.0
060403,3449.0
060404,3641.0
060405,2199.0
060406,2336.0
060407,5546.0
060408,5643.0
060409,7972.0
060410,11093.0
060411,7075.0
060412,3203.0
060413,4445.0
060414,1214.0
060415,8023.0
060416,958.0
060417,15704.0
060418,859.0
060419,9134.0
060501,7461.0
060502,2635.0
060503,1338.0
060504,2679.0
060505,3399.0
060506,994.0
060507,2461.0
060508,6726.0
060601,50905.0
060602,9361.0
060603,2878.0
060604,2330.0
060605,3652.0
060606,5100.0
060607,12987.0
060608,4172.0
060609,1858.0
060610,3000.0
060611,2622.0
060612,4701.0
060613,6988.0
060614,9054.0
060615,1115.0
060701,59913.0
060702,2920.0
060703,15111.0
060801,94153.0
060802,15447.0
060803,9810.0
060804,10238.0
060805,7642.0
060806,4275.0
060807,8344.0
060808,6834.0
060809,7033.0
060810,4693.0
060811,6960.0
060812,10003.0
060901,34659.0
060902,14592.0
060903,18012.0
060904,19562.0
060905,9098.0
060906,17046.0
060907,17651.0
061001,19870.0
061002,2965.0
061003,2664.0
061004,5136.0
061005,1901.0
061006,3544.0
061007,12023.0
061101,13432.0
061102,1319.0
061103,4094.0
061104,2747.0
061105,1627.0
061106,2165.0
061107,4481.0
061108,1290.0
061109,3293.0
061110,2229.0
061111,3652.0
061112,2688.0
061113,3026.0
061201,12463.0
061202,4294.0
061203,958.0
061204,3387.0
061301,9226.0
061302,1337.0
061303,8958.0
061304,3355.0
061305,2321.0
061306,2097.0
061307,3896.0
061308,1446.0
061309,425.0
061310,1259.0
061311,2844.0
070101,451260.0
070102,74851.0
070103,42240.0
070104,61417.0
070105,3829.0
070106,315600.0
070107,45297.0
080101,114630.0
080102,2246.0
080103,2436.0
080104,57075.0
080105,112536.0
080106,94756.0
080107,5368.0
080108,58541.0
080201,4532.0
080202,2650.0
080203,2242.0
080204,1096.0
080205,7206.0
080206,1938.0
080207,3276.0
080301,21674.0
080302,6784.0
080303,2382.0
080304,4026.0
080305,4533.0
080306,7255.0
080307,3111.0
080308,2990.0
080309,3451.0
080401,20628.0
080402,3443.0
080403,5313.0
080404,5753.0
080405,9884.0
080406,5232.0
080407,4312.0
080408,8590.0
080501,8659.0
080502,4985.0
080503,4747.0
080504,1984.0
080505,5171.0
080506,1838.0
080507,2577.0
080508,2523.0
080601,57827.0
080602,4720.0
080603,4587.0
080604,9600.0
080605,7170.0
080606,4224.0
080607,2617.0
080608,5029.0
080701,21728.0
080702,3866.0
080703,6244.0
080704,6897.0
080705,10378.0
080706,4368.0
080707,3786.0
080708,9143.0
080801,34861.0
080802,870.0
080803,9627.0
080804,1019.0
080805,4823.0
080806,2805.0
080807,1643.0
080808,1934.0
080901,27999.0
080902,23214.0
080903,4773.0
080904,4134.0
080905,4327.0
080906,13311.0
080907,15962.0
080908,5972.0
080909,9557.0
080910,22691.0
080911,4285.0
080912,1980.0
080913,1974.0
080914,6969.0
081001,3205.0
081002,3028.0
081003,3079.0
081004,963.0
081005,4867.0
081006,5443.0
081007,2032.0
081008,1026.0
081009,1924.0
081101,11871.0
081102,2716.0
081103,8433.0
081104,8170.0
081105,6911.0
081106,4403.0
081201,10614.0
081202,5797.0
081203,2219.0
081204,2863.0
081205,13295.0
081206,4221.0
081207,4505.0
081208,4606.0
081209,4307.0
081210,15223.0
081211,9444.0
081212,10336.0
081301,20082.0
081302,10477.0
081303,5499.0
081304,5347.0
081305,5946.0
081306,10165.0
081307,3223.0
090101,39776.0
090102,2020.0
090103,17800.0
090104,851.0
090105,1137.0
090106,1875.0
090107,637.0
090108,846.0
090109,746.0
090110,953.0
090111,509.0
090112,982.0
090113,1686.0
090114,2005.0
090115,500.0
090116,1891.0
090117,19237.0
090118,15566.0
090119,6037.0
090201,8980.0
090202,3223.0
090203,4540.0
090204,1842.0
090205,1529.0
090206,10415.0
090207,2829.0
090208,4850.0
090301,22991.0
090302,7115.0
090303,625.0
090304,2956.0
090305,943.0
090306,3544.0
090307,1337.0
090308,1111.0
090309,1736.0
090310,2323.0
090311,1436.0
090312,3090.0
090401,2929.0
090402,977.0
090403,1468.0
090404,903.0
090405,888.0
090406,703.0
090407,919.0
090408,388.0
090409,1142.0
090410,673.0
090411,863.0
090412,648.0
090413,1481.0
090501,5088.0
090502,5368.0
090503,1979.0
090504,2429.0
090505,1078.0
090506,3372.0
090507,4346.0
090508,745.0
090509,3445.0
090510,1856.0
090511,2832.0
090601,2146.0
090602,745.0
090603,1005.0
090604,448.0
090605,845.0
090606,812.0
090607,2758.0
090608,1032.0
090609,686.0
090610,1358.0
090611,920.0
090612,1054.0
090613,1671.0
090614,376.0
090615,724.0
090616,667.0
090701,10061.0
090702,3266.0
090703,3522.0
090704,3873.0
090705,11068.0
090706,9089.0
090707,3218.0
090709,3003.0
090710,1480.0
090711,5159.0
090713,731.0
090714,3828.0
090715,2616.0
090716,1813.0
090717,4601.0
090718,3010.0
090719,3945.0
090720,2373.0
090721,1300.0
090722,1914.0
090723,1533.0
100101,89502.0
100102,81461.0
100103,13135.0
100104,15670.0
100105,4364.0
100106,3453.0
100107,4788.0
100108,2789.0
100109,19226.0
100110,1545.0
100111,43818.0
100112,5296.0
100113,8350.0
100201,20886.0
100202,2502.0
100203,1731.0
100204,4441.0
100205,7449.0
100206,1561.0
100207,8928.0
100208,3382.0
100301,6634.0
100307,3364.0
100311,5571.0
100313,5393.0
100316,1228.0
100317,5320.0
100321,1696.0
100322,1814.0
100323,2238.0
100401,5868.0
100402,2718.0
100403,1576.0
100404,6389.0
100501,13403.0
100502,1356.0
100503,3793.0
100504,5603.0
100505,1412.0
100506,3127.0
100507,12368.0
100508,2009.0
100509,4062.0
100510,3129.0
100511,1777.0
100601,53066.0
100602,6142.0
100603,3475.0
100604,22149.0
100605,8951.0
100606,10048.0
100607,3724.0
100608,13568.0
100609,4143.0
100610,2527.0
100701,14150.0
100702,5372.0
100703,2111.0
100704,2790.0
100705,2199.0
100801,17449.0
100802,10103.0
100803,10552.0
100804,11055.0
100901,9407.0
100902,7101.0
100903,4814.0
100904,5447.0
100905,5769.0
101001,4193.0
101002,1956.0
101003,1011.0
101004,1009.0
101005,3595.0
101006,1296.0
101007,5853.0
101101,4789.0
101102,1156.0
101103,1110.0
101104,4735.0
101105,1110.0
101106,3845.0
101107,1128.0
101108,2024.0
110101,150280.0
110102,39574.0
110103,21963.0
110104,4392.0
110105,7411.0
110106,54047.0
110107,6395.0
110108,25767.0
110109,6987.0
110110,13846.0
110111,27645.0
110112,27387.0
110113,4709.0
110114,1116.0
110201,66349.0
110202,7783.0
110203,2071.0
110204,13009.0
110205,12369.0
110206,25294.0
110207,62604.0
110208,1129.0
110209,992.0
110210,29079.0
110211,5434.0
110301,27632.0
110302,1950.0
110303,3134.0
110304,15981.0
110305,20460.0
110401,7748.0
110402,1555.0
110403,2658.0
110404,927.0
110405,344.0
110501,67467.0
110502,1379.0
110503,5408.0
110504,12987.0
110505,7147.0
110506,13767.0
110507,24814.0
110508,17775.0
120101,119993.0
120104,506.0
120105,959.0
120106,741.0
120107,91851.0
120108,1484.0
120111,1946.0
120112,1017.0
120113,1335.0
120114,166359.0
120116,1366.0
120117,5251.0
120119,24830.0
120120,829.0
120121,9800.0
120122,2376.0
120124,5130.0
120125,20055.0
120126,4748.0
120127,1852.0
120128,3904.0
120129,15281.0
120130,11601.0
120132,5512.0
120133,21096.0
120134,16932.0
120135,6222.0
120136,2639.0
120201,15428.0
120202,1642.0
120203,3502.0
120204,2550.0
120205,1923.0
120206,5377.0
120207,972.0
120208,1478.0
120209,1394.0
120210,5537.0
120211,1382.0
120212,2287.0
120213,4738.0
120214,5398.0
120215,1983.0
120301,27790.0
120302,52874.0
120303,39054.0
120304,4157.0
120305,25800.0
120306,1814.0
120401,17908.0
120402,6077.0
120403,4284.0
120404,1264.0
120405,1601.0
120406,1410.0
120407,2598.0
120408,1646.0
120409,1000.0
120410,2041.0
120411,558.0
120412,745.0
120413,1553.0
120414,1143.0
120415,1451.0
120416,1732.0
120417,732.0
120418,1573.0
120419,1662.0
120420,1017.0
120421,2335.0
120422,892.0
120423,1450.0
120424,1226.0
120425,1153.0
120426,1427.0
120427,1296.0
120428,2538.0
120429,702.0
120430,3060.0
120431,4056.0
120432,1038.0
120433,1097.0
120434,8992.0
120501,10976.0
120502,6638.0
120503,1236.0
120504,4283.0
120601,37075.0
120602,5778.0
120603,6544.0
120604,35719.0
120605,3690.0
120606,54240.0
120607,30651.0
120608,26036.0
120609,4252.0
120701,47775.0
120702,9500.0
120703,1899.0
120704,9901.0
120705,3514.0
120706,5543.0
120707,3438.0
120708,3547.0
120709,4473.0
120801,14021.0
120802,687.0
120803,1947.0
120804,835.0
120805,5155.0
120806,1633.0
120807,1104.0
120808,8977.0
120809,690.0
120810,5341.0
120901,20341.0
120902,6267.0
120903,4537.0
120904,2948.0
120905,8766.0
120906,2228.0
120907,2658.0
120908,2665.0
120909,2578.0
130101,314939.0
130102,190461.0
130103,37262.0
130104,68409.0
130105,189206.0
130106,37206.0
130107,37436.0
130108,3586.0
130109,18944.0
130110,4061.0
130111,68506.0
130201,6462.0
130202,15267.0
130203,9321.0
130204,2463.0
130205,25913.0
130206,8664.0
130207,19204.0
130208,28492.0
130301,4455.0
130302,2908.0
130303,1914.0
130304,2098.0
130305,2246.0
130306,836.0
130401,45733.0
130402,21056.0
130403,11629.0
130501,11505.0
130502,4866.0
130503,6221.0
130504,5432.0
130601,24169.0
130602,9252.0
130604,2420.0
130605,3940.0
130606,614.0
130608,2693.0
130610,523.0
130611,5831.0
130613,7032.0
130614,21388.0
130701,17637.0
130702,40217.0
130703,4136.0
130704,28959.0
130705,11948.0
130801,12490.0
130802,3812.0
130803,11678.0
130804,5877.0
130805,1158.0
130806,3478.0
130807,1250.0
130808,18730.0
130809,8937.0
130810,1656.0
130811,2210.0
130812,2779.0
130813,2048.0
130901,66902.0
130902,16769.0
130903,8398.0
130904,7822.0
130905,10431.0
130906,12922.0
130907,8916.0
130908,12245.0
131001,18311.0
131002,4810.0
131003,5319.0
131004,1734.0
131005,2339.0
131006,12291.0
131007,2852.0
131008,3240.0
131101,13374.0
131102,4725.0
131103,2407.0
131104,6386.0
131201,52407.0
131202,32842.0
131203,7075.0
140101,270496.0
140102,18364.0
140103,11993.0
140104,2342.0
140105,156498.0
140106,90912.0
140107,9986.0
140108,32225.0
140109,2458.0
140110,8201.0
140111,12704.0
140112,44602.0
140113,15744.0
140114,12350.0
140115,11617.0
140116,14809.0
140117,22624.0
140118,25267.0
140119,8701.0
140120,27782.0
140201,34229.0
140202,11366.0
140203,13858.0
140204,3808.0
140205,19651.0
140206,14503.0
140301,71425.0
140302,1407.0
140303,8856.0
140304,17204.0
140305,18401.0
140306,48209.0
140307,29836.0
140308,46484.0
140309,8060.0
140310,12595.0
140311,15846.0
140312,21847.0
150101,268352.0
150102,62928.0
150103,599196.0
150104,34378.0
150105,85309.0
150106,333045.0
150107,42912.0
150108,314241.0
150109,34684.0
150110,520450.0
150111,198862.0
150112,211360.0
150113,75359.0
150114,140679.0
150115,173630.0
150116,54711.0
150117,325884.0
150118,240814.0
150119,89195.0
150120,60290.0
150121,83323.0
150122,99337.0
150123,110071.0
150124,14891.0
150125,329675.0
150126,15874.0
150127,7074.0
150128,174785.0
150129,7482.0
150130,113247.0
150131,60735.0
150132,1038495.0
150133,355219.0
150134,52082.0
150135,654083.0
150136,155384.0
150137,196214.0
150138,999.0
150139,27863.0
150140,329152.0
150141,91023.0
150142,393254.0
150143,398433.0
150201,68324.0
150202,21453.0
150203,17431.0
150204,24318.0
150205,12855.0
150301,2082.0
150302,858.0
150303,1672.0
150304,984.0
150305,963.0
150401,2385.0
150402,596.0
150403,686.0
150404,760.0
150405,856.0
150406,555.0
150407,5710.0
150501,54775.0
150502,9784.0
150503,2269.0
150504,8328.0
150505,21573.0
150506,1043.0
150507,38925.0
150508,4393.0
150509,32717.0
150510,26233.0
150511,1686.0
150512,16091.0
150513,4343.0
150514,13436.0
150515,3103.0
150516,1314.0
150601,99915.0
150602,687.0
150603,902.0
150604,19464.0
150605,56920.0
150606,2037.0
150607,336.0
150608,1028.0
150609,648.0
150610,830.0
150611,720.0
150612,411.0
150701,4058.0
150702,1225.0
150703,798.0
150704,331.0
150705,3826.0
150706,449.0
150707,609.0
150708,875.0
150709,1302.0
150710,616.0
150711,889.0
150712,666.0
150713,1357.0
150714,6542.0
150715,1320.0
150716,912.0
150717,1139.0
150718,1202.0
150719,699.0
150720,374.0
150721,1223.0
150722,4245.0
150723,1335.0
150724,928.0
150725,210.0
150726,630.0
150727,2486.0
150728,12636.0
150729,320.0
150730,411.0
150731,3125.0
150732,1407.0
150801,63142.0
150802,2208.0
150803,8132.0
150804,929.0
150805,28765.0
150806,34764.0
150807,1867.0
150808,1516.0
150809,775.0
150810,36267.0
150811,23408.0
150812,25912.0
150901,12150.0
150902,546.0
150903,576.0
150904,1086.0
150905,855.0
150906,2526.0
151001,1481.0
151002,1534.0
151003,1145.0
151004,565.0
151005,440.0
151006,507.0
151007,162.0
151008,1062.0
151009,801.0
151010,216.0
151011,1109.0
151012,331.0
151013,149.0
151014,596.0
151015,637.0
151016,941.0
151017,432.0
151018,546.0
151019,447.0
151020,570.0
151021,229.0
151022,593.0
151023,498.0
151024,609.0
151025,428.0
151026,166.0
151027,275.0
151028,507.0
151029,499.0
151030,520.0
151031,533.0
151032,1624.0
151033,311.0
160101,146853.0
160102,2855.0
160103,13875.0
160104,10134.0
160105,8032.0
160106,12181.0
160107,15003.0
160108,75210.0
160110,4230.0
160112,64488.0
160113,127005.0
160201,83554.0
160202,13707.0
160205,3900.0
160206,12033.0
160210,3967.0
160211,5564.0
160301,29963.0
160302,6085.0
160303,6448.0
160304,8396.0
160305,11545.0
160401,19178.0
160402,11079.0
160403,8366.0
160404,10449.0
160501,25313.0
160502,1515.0
160503,2566.0
160504,6089.0
160505,7304.0
160506,4372.0
160507,3365.0
160508,569.0
160509,881.0
160510,4608.0
160511,1929.0
160601,23883.0
160602,1738.0
160603,3697.0
160604,5388.0
160605,13464.0
160606,6467.0
160701,12742.0
160702,6336.0
160703,8421.0
160704,4191.0
160705,5078.0
160706,11714.0
160801,3666.0
160802,520.0
160803,2317.0
160804,1277.0
170101,81925.0
170102,11570.0
170103,12644.0
170104,5335.0
170201,2356.0
170202,1402.0
170203,6217.0
170204,8574.0
170301,2391.0
170302,5791.0
170303,2865.0
180101,65808.0
180102,2366.0
180103,761.0
180104,8480.0
180105,1736.0
180106,6198.0
180201,3158.0
180202,708.0
180203,948.0
180204,2901.0
180205,626.0
180206,570.0
180207,455.0
180208,2376.0
180209,518.0
180210,1741.0
180211,864.0
180301,66479.0
180302,3717.0
180303,4453.0
190101,25627.0
190102,4333.0
190103,6925.0
190104,9577.0
190105,3877.0
190106,1738.0
190107,11216.0
190108,4459.0
190109,12663.0
190110,3261.0
190111,6755.0
190112,3392.0
190113,29192.0
190201,11333.0
190202,2006.0
190203,1535.0
190204,1776.0
190205,1348.0
190206,21217.0
190207,2426.0
190208,1939.0
190301,15677.0
190302,5334.0
190303,6661.0
190304,7130.0
190305,4511.0
190306,17249.0
190307,17274.0
190308,13634.0
200101,158495.0
200104,160201.0
200105,75870.0
200107,18671.0
200108,5387.0
200109,38734.0
200110,41742.0
200111,26947.0
200114,107495.0
200115,165779.0
200201,30852.0
200202,19896.0
200203,2405.0
200204,5734.0
200205,6179.0
200206,21257.0
200207,9621.0
200208,10510.0
200209,1654.0
200210,11179.0
200301,27599.0
200302,7317.0
200303,11186.0
200304,35548.0
200305,3871.0
200306,8678.0
200307,7140.0
200308,10162.0
200401,82521.0
200402,9410.0
200403,7789.0
200404,13997.0
200405,15239.0
200406,8527.0
200407,6433.0
200408,3650.0
200409,5960.0
200410,8501.0
200501,87979.0
200502,2413.0
200503,1136.0
200504,14869.0
200505,12950.0
200506,4923.0
200507,5622.0
200601,169335.0
200602,37530.0
200603,20423.0
200604,12119.0
200605,29569.0
200606,9036.0
200607,26395.0
200608,7047.0
200701,98309.0
200702,8316.0
200703,12486.0
200704,1312.0
200705,10699.0
200706,13028.0
200801,44590.0
200802,4798.0
200803,6855.0
200804,4300.0
200805,15630.0
200806,3004.0
210101,135288.0
210102,22961.0
210103,3452.0
210104,4555.0
210105,7540.0
210106,7019.0
210107,6588.0
210108,3155.0
210109,5144.0
210110,4224.0
210111,5679.0
210112,7121.0
210113,2413.0
210114,1594.0
210115,2761.0
210201,30070.0
210202,2826.0
210203,7020.0
210204,14484.0
210205,2931.0
210206,6475.0
210207,4462.0
210208,6445.0
210209,3939.0
210210,9645.0
210211,7298.0
210212,4818.0
210213,2841.0
210214,4407.0
210215,2731.0
210301,12664.0
210302,2138.0
210303,9299.0
210304,6433.0
210305,4240.0
210306,9108.0
210307,7526.0
210308,6090.0
210309,6832.0
210310,8992.0
210401,19773.0
210402,13787.0
210403,9237.0
210404,7346.0
210405,8223.0
210406,13707.0
210407,16929.0
210501,46018.0
210502,1130.0
210503,10672.0
210504,3529.0
210505,2529.0
210601,18742.0
210602,3764.0
210603,3083.0
210604,2642.0
210605,4937.0
210606,4079.0
210607,13193.0
210608,7211.0
210701,11206.0
210702,5352.0
210703,1585.0
210704,2360.0
210705,2237.0
210706,1817.0
210707,2732.0
210708,5306.0
210709,7028.0
210710,1233.0
210801,24452.0
210802,5359.0
210803,1986.0
210804,2532.0
210805,6947.0
210806,8450.0
210807,7651.0
210808,6197.0
210809,3564.0
210901,11518.0
210902,3151.0
210903,2613.0
210904,2471.0
211001,14753.0
211002,12615.0
211003,1909.0
211004,5187.0
211005,1649.0
211101,228726.0
211102,4843.0
211103,4567.0
211104,6818.0
211105,62463.0
211201,10266.0
211202,5024.0
211203,2970.0
211204,3863.0
211205,5091.0
211206,2131.0
211207,3733.0
211208,1936.0
211209,6604.0
211210,9124.0
211301,24515.0
211302,1782.0
211303,4655.0
211304,1270.0
211305,2711.0
211306,949.0
211307,1057.0
220101,76325.0
220102,4609.0
220103,1675.0
220104,15377.0
220105,21514.0
220106,2865.0
220201,16894.0
220202,7639.0
220203,13116.0
220204,2711.0
220205,8640.0
220206,6033.0
220301,14639.0
220302,2330.0
220303,10447.0
220304,6332.0
220305,3004.0
220401,13422.0
220402,4471.0
220403,2106.0
220404,4268.0
220405,2450.0
220406,789.0
220501,14497.0
220502,13462.0
220503,6429.0
220504,9546.0
220505,3301.0
220506,8086.0
220507,3456.0
220508,1635.0
220509,1975.0
220510,13879.0
220511,5255.0
220601,32444.0
220602,12705.0
220603,8385.0
220604,5747.0
220605,5345.0
220701,10203.0
220702,2924.0
220703,2126.0
220704,865.0
220705,2971.0
220706,1192.0
220707,3945.0
220708,8554.0
220709,3876.0
220710,3889.0
220801,25521.0
220802,7479.0
220803,17661.0
220804,43476.0
220805,16797.0
220806,1919.0
220807,3413.0
220808,2446.0
220809,3832.0
220901,76122.0
220902,841.0
220903,3604.0
220904,9497.0
220905,2249.0
220906,2399.0
220907,4975.0
220908,3907.0
220909,43481.0
220910,33067.0
220911,2073.0
220912,1674.0
220913,7263.0
220914,1943.0
221001,26166.0
221002,11456.0
221003,10308.0
221004,1315.0
221005,20149.0
230101,92972.0
230102,34061.0
230103,2979.0
230104,31866.0
230105,2613.0
230106,2062.0
230107,1980.0
230108,18627.0
230109,3227.0
230110,110417.0
230111,5559.0
230201,2354.0
230202,988.0
230203,1148.0
230204,377.0
230205,515.0
230206,720.0
230301,2256.0
230302,5695.0
230303,2822.0
230401,3642.0
230402,306.0
230403,240.0
230404,162.0
230405,350.0
230406,518.0
230407,295.0
230408,581.0
240101,102306.0
240102,23337.0
240103,9507.0
240104,6728.0
240105,8512.0
240106,4572.0
240201,12371.0
240202,2350.0
240203,6336.0
240301,21776.0
240302,17366.0
240303,3428.0
240304,6274.0
250101,149999.0
250102,16059.0
250103,10328.0
250104,11147.0
250105,103941.0
250106,5169.0
250107,87525.0
250201,32430.0
250202,6655.0
250203,8264.0
250204,1975.0
250301,29440.0
250302,10214.0
250303,7722.0
250304,7594.0
250305,5137.0
250401,2860.0
